{"files":{"starter-template.html":{"frameworks":["RemoteDebugApp","pg.insight.events","pg.css.grid","pg.image.overlay","pg.code-validator","pg.project.items","pg.asset.manager","mat0.97.5","pg.html","pg.components"],"last_page_width":1024},"index.html":{"frameworks":["RemoteDebugApp","pg.insight.events","pg.css.grid","pg.image.overlay","pg.code-validator","pg.project.items","pg.asset.manager","mat0.97.5","pg.html","pg.components"],"last_page_width":1024},"teste.html":{"frameworks":["RemoteDebugApp","pg.insight.events","pg.asset.manager","pg.css.grid","pg.project.items","pg.image.overlay","pg.code-validator","pg.html","pg.components"],"last_page_width":1024},"images/index_css.html":{"frameworks":["RemoteDebugApp","pg.insight.events","pg.css.grid","pg.image.overlay","pg.code-validator","pg.project.items","pg.asset.manager","mat0.97.5","pg.html","pg.components"],"last_page_width":1024},"index.php":{"frameworks":["RemoteDebugApp","pg.image.overlay","mat0.97.5","pg.insight.events","pg.asset.manager","pg.css.grid","pg.php","pg.code-validator","pg.project.items","bs4","pg.html","pg.components"],"last_page_width":1024},"tests/bs_teste01.html":{"frameworks":["RemoteDebugApp","pg.insight.events","pg.css.grid","pg.image.overlay","pg.code-validator","pg.project.items","pg.asset.manager","bs4","pg.html","pg.components"],"last_page_width":1024},"tests/bs_teste01a.html":{"frameworks":["RemoteDebugApp","pg.insight.events","pg.css.grid","pg.image.overlay","pg.code-validator","pg.project.items","pg.asset.manager","bs4","pg.html","pg.components"],"last_page_width":1024}},"breakpoints":["28.875em","1200px","35.875em","38.875em","40.125em","46.75em","360px","390px","420px","450px","480px","510px","540px","570px","33.875em","630px","660px","690px","720px","750px","780px","810px","840px","870px","900px","930px","960px","993px","601px"],"frameworks":["RemoteDebugApp","pg.insight.events","pg.css.grid","pg.image.overlay","pg.code-validator","pg.project.items","pg.asset.manager","bs4","pg.html","pg.components"],"cs-for-overrides":"style.css"}